<drawing><figures><r id="0" x="10" y="20" w="340" h="90"><a><fillColor><color rgba="#ffffcc66"/></fillColor><fontFace><font name="GillSans" style="0" size="1"/></fontFace><endDecoration><arrowTip id="1" angle="0.6283185307179586" innerRadius="9.8" outerRadius="12" isFilled="true" isStroked="true" isSolid="false"/></endDecoration><strokeDashes><doubleArray><double>4</double><double>4</double></doubleArray></strokeDashes><startDecoration><arrowTip id="2" angle="0.5235987755982988" innerRadius="18" outerRadius="10" isFilled="false" isStroked="true" isSolid="false"/></startDecoration><fontItalic><boolean>true</boolean></fontItalic></a></r><t id="3" x="20" y="30"><a><text><string>JHotDraw7</string></text><fontFace><font name="GillSans-Light" style="0" size="1"/></fontFace><fontSize><double>48</double></fontSize></a></t><t id="4" x="20" y="80"><a><text><string>A Java Framework for Structured Drawing Editors</string></text><fontFace><font name="GillSans" style="0" size="1"/></fontFace><fontSize><double>16</double></fontSize></a></t><ta id="5" x="270" y="150" w="70" h="33"><a><fontBold><boolean>true</boolean></fontBold><fillColor><color rgba="#ffccff66"/></fillColor><text><string>Figure</string></text><fontFace><font name="GillSans" style="0" size="1"/></fontFace><fontSize><double>19</double></fontSize><fontItalic><boolean>true</boolean></fontItalic></a></ta><ta id="6" x="50" y="230" w="150" h="33"><a><fillColor><color rgba="#ffffff66"/></fillColor><text><string>AbstractFigure</string></text><fontFace><font name="GillSans" style="0" size="1"/></fontFace><fontSize><double>19</double></fontSize><fontItalic><boolean>true</boolean></fontItalic></a></ta><ta id="7" x="50" y="290" w="150" h="33"><a><fillColor><color rgba="#ffffff66"/></fillColor><text><string>AttributedFigure</string></text><fontFace><font name="GillSans" style="0" size="1"/></fontFace><fontSize><double>19</double></fontSize></a></ta><ta id="8" x="240" y="230" w="128" h="33"><a><fillColor><color rgba="#ffccff66"/></fillColor><text><string>DecoratedFigure</string></text><fontFace><font name="GillSans-Light" style="0" size="1"/></fontFace><fontSize><double>19</double></fontSize><fontItalic><boolean>true</boolean></fontItalic></a></ta><lnk id="9"><points><p x="261.2857142857143" y="359.5"/><p x="168.71428571428572" y="323.5"/></points><startConnector><rConnector id="a"><owner><ta id="b" x="240" y="360" w="130" h="33"><a><fillColor><color rgba="#ff66ffcc"/></fillColor><text><string>TextAreaFigure</string></text><fontFace><font name="GillSans" style="0" size="1"/></fontFace><fontSize><double>19</double></fontSize></a></ta></owner></rConnector></startConnector><endConnector><rConnector id="c"><owner><ta ref="7"/></owner></rConnector></endConnector><a><fillColor><color rgba="#ffffffff"/></fillColor><fontFace><font name="GillSans-Bold" style="0" size="1"/></fontFace><endDecoration><arrowTip id="d" angle="0.6283185307179586" innerRadius="9.8" outerRadius="12" isFilled="true" isStroked="true" isSolid="false"/></endDecoration><fontItalic><boolean>true</boolean></fontItalic></a></lnk><lnk id="e"><points><p x="163.25" y="229.5"/><p x="269.5" y="182.27777777777777"/></points><startConnector><rConnector id="f"><owner><ta ref="6"/></owner></rConnector></startConnector><endConnector><rConnector id="10"><owner><ta ref="5"/></owner></rConnector></endConnector><a><fontFace><font name="GillSans-Bold" style="0" size="1"/></fontFace><strokeDashes><doubleArray><double>4</double><double>4</double></doubleArray></strokeDashes><endDecoration><arrowTip ref="1"/></endDecoration><fontItalic><boolean>true</boolean></fontItalic></a></lnk><lnk id="11"><points><p x="125" y="289.5"/><p x="125" y="263.5"/></points><startConnector><rConnector id="12"><owner><ta ref="7"/></owner></rConnector></startConnector><endConnector><rConnector id="13"><owner><ta ref="6"/></owner></rConnector></endConnector><a><fontFace><font name="GillSans-Bold" style="0" size="1"/></fontFace><endDecoration><arrowTip ref="d"/></endDecoration><fontItalic><boolean>true</boolean></fontItalic></a></lnk><lnk id="14"><points><p x="304.2125" y="229.5"/><p x="304.7875" y="183.5"/></points><startConnector><rConnector id="15"><owner><ta ref="8"/></owner></rConnector></startConnector><endConnector><rConnector id="16"><owner><ta ref="5"/></owner></rConnector></endConnector><a><fontFace><font name="GillSans-Bold" style="0" size="1"/></fontFace><endDecoration><arrowTip ref="1"/></endDecoration><fontItalic><boolean>true</boolean></fontItalic></a></lnk><lnk id="17"><points><p x="304.86923076923074" y="359.5"/><p x="304.13076923076926" y="263.5"/></points><startConnector><rConnector id="18"><owner><ta ref="b"/></owner></rConnector></startConnector><endConnector><rConnector id="19"><owner><ta ref="8"/></owner></rConnector></endConnector><a><fontFace><font name="GillSans-Bold" style="0" size="1"/></fontFace><strokeDashes><doubleArray><double>4</double><double>4</double></doubleArray></strokeDashes><endDecoration><arrowTip ref="1"/></endDecoration><fontItalic><boolean>true</boolean></fontItalic></a></lnk><ta ref="b"/><ta id="1a" x="40" y="150" w="90" h="33"><a><fontBold><boolean>true</boolean></fontBold><fillColor><color rgba="#ffccff66"/></fillColor><text><string>Drawing</string></text><fontFace><font name="GillSans" style="0" size="1"/></fontFace><fontSize><double>19</double></fontSize><fontItalic><boolean>true</boolean></fontItalic></a></ta><lnk id="1b"><points><p x="130.5" y="166.5"/><p x="269.5" y="166.5"/></points><startConnector><rConnector id="1c"><owner><ta ref="1a"/></owner></rConnector></startConnector><endConnector><rConnector id="1d"><owner><ta ref="5"/></owner></rConnector></endConnector><a><endDecoration><arrowTip id="1e" angle="0.28559933214452665" innerRadius="0" outerRadius="13" isFilled="false" isStroked="true" isSolid="true"/></endDecoration><startDecoration><arrowTip ref="2"/></startDecoration></a><liner><elbowLiner id="1f"/></liner></lnk><ta id="20" x="400" y="230" w="136" h="33"><a><fillColor><color rgba="#ffccff66"/></fillColor><text><string>TextHolderFigure</string></text><fontFace><font name="GillSans-Light" style="0" size="1"/></fontFace><fontSize><double>19</double></fontSize><fontItalic><boolean>true</boolean></fontItalic></a></ta><lnk id="21"><points><p x="326.31538461538463" y="359.5"/><p x="446.68461538461537" y="263.5"/></points><startConnector><rConnector id="22"><owner><ta ref="b"/></owner></rConnector></startConnector><endConnector><rConnector id="23"><owner><ta ref="20"/></owner></rConnector></endConnector><a><fontFace><font name="GillSans-Bold" style="0" size="1"/></fontFace><strokeDashes><doubleArray><double>4</double><double>4</double></doubleArray></strokeDashes><endDecoration><arrowTip ref="1"/></endDecoration><fontItalic><boolean>true</boolean></fontItalic></a></lnk><lnk id="24"><points><p x="433.3625" y="229.5" c1x="274.8152027027027" c1y="226" c2x="274.8152027027027" c2y="226"/><p x="339.6375" y="183.5" c1x="297.1375" c1y="182.17221135029354" c2x="297.1375" c2y="182.17221135029354"/></points><startConnector><rConnector id="25"><owner><ta ref="20"/></owner></rConnector></startConnector><endConnector><rConnector id="26"><owner><ta ref="5"/></owner></rConnector></endConnector><a><fontFace><font name="GillSans-Bold" style="0" size="1"/></fontFace><endDecoration><arrowTip id="27" angle="0.6283185307179586" innerRadius="9.8" outerRadius="12" isFilled="true" isStroked="true" isSolid="false"/></endDecoration><fontItalic><boolean>true</boolean></fontItalic></a></lnk></figures></drawing>